Series Name,Series Code,Country Name,Country Code,2000 [YR2000],2001 [YR2001],2002 [YR2002],2003 [YR2003],2004 [YR2004],2005 [YR2005],2006 [YR2006],2007 [YR2007],2008 [YR2008],2009 [YR2009],2010 [YR2010],2011 [YR2011],2012 [YR2012]
GDP growth (annual %),NY.GDP.MKTP.KD.ZG,Hungary,HUN,4.2404035428695,3.7351114321186,4.49114713256648,3.7783471487943,4.78935306407284,4.25965782506286,3.96294438747408,0.511279220178153,0.878582395860093,-6.55102970714437,0.789116879525054,1.80660543452437,-1.47794468745423
GDP growth (annual %),NY.GDP.MKTP.KD.ZG,"Egypt, Arab Rep.",EGY,5.36800596653157,3.53522567762784,2.37048910032468,3.19345473739774,4.0920716112532,4.47174447174447,6.84383819379116,7.08782742681046,7.15220293936281,4.68504060211687,5.13898583215664,1.82184437597419,2.19184690487997
GDP growth (annual %),NY.GDP.MKTP.KD.ZG,Iraq,IRQ,1.40647481153238,2.30531698403628,-6.90018022342163,-33.1008380241369,54.1577746161598,4.40061719196881,10.1581995819406,1.37759814759862,6.60886486664769,5.80974000611023,5.5378902509448,10.2140893066166,12.6164171788394
GDP growth (annual %),NY.GDP.MKTP.KD.ZG,Jordan,JOR,4.23981747754981,5.27137063965377,5.79238550921852,4.1637517284103,8.56273739355717,8.16378021946709,8.09333116140294,8.17571902230382,7.23240848035714,5.47658104974045,2.33683030118537,2.56080879892619,2.65120334919015
GDP growth (annual %),NY.GDP.MKTP.KD.ZG,Lebanon,LBN,1.34406652959834,3.95351612589158,3.37387654804373,3.23739038013611,7.47880231666709,2.70234094412247,1.60277316478468,9.40408660047234,9.09807667369154,10.3009126528882,7.9960862787684,2.00458630323604,2.20000000000009
GDP growth (annual %),NY.GDP.MKTP.KD.ZG,Turkey,TUR,6.77445533483711,-5.69747649340971,6.16383960696356,5.265265303776,9.3628076142882,8.40161787152765,6.89348933743628,4.66857941161562,0.658838444866916,-4.82587521309331,9.1569529029472,8.77274761512783,2.12746061865543
GDP growth (annual %),NY.GDP.MKTP.KD.ZG,Italy,ITA,3.71014788223059,1.77280301974621,0.250778375983245,0.152649956944884,1.583269711453,0.949620808007751,2.00640173096063,1.47412407839703,-1.04982465110584,-5.48137853183734,1.71058241806377,0.586820837229894,-2.77041589229687
GDP growth (annual %),NY.GDP.MKTP.KD.ZG,France,FRA,3.87515826063229,1.95445242943187,1.11845605715699,0.819533268266028,2.78642055393166,1.60771549302947,2.37494483565823,2.36150207696927,0.195293167550275,-2.9413386637227,1.96565781885573,2.07922832718323,0.182689429087816
GDP growth (annual %),NY.GDP.MKTP.KD.ZG,United Kingdom,GBR,3.76886454583867,2.66453504095657,2.45228167821077,4.30044405314594,2.4538887550212,2.80654761143673,3.0420982014985,2.55563513670592,-0.332043633661954,-4.31061579366823,1.91137766469444,1.64512072814837,0.659035022954569
GDP growth (annual %),NY.GDP.MKTP.KD.ZG,United States,USA,4.09217643509152,0.97598189708053,1.78612740352968,2.80677549973881,3.7857433562708,3.34521588773282,2.66662598560563,1.77857037209128,-0.291621579070096,-2.77552944407304,2.53192038046484,1.6014542734504,2.32108474142517
GDP growth (annual %),NY.GDP.MKTP.KD.ZG,Sweden,SWE,4.73528881968012,1.56340781826476,2.07357794282623,2.38574281462873,4.32052662980624,2.81833114825152,4.68812857885801,3.40494860714055,-0.55704798723167,-5.18466092221331,5.98892713335566,2.66440816266315,-0.286319955652033
GDP growth (annual %),NY.GDP.MKTP.KD.ZG,Germany,DEU,2.98490820840533,1.69528644065026,0.0107564524735437,-0.720507949321288,1.18067559045643,0.706561393039507,3.71000339452176,3.26978335333274,1.05210893955538,-5.63795389304047,4.09076951228067,3.58999724236229,0.376483651233798
GDP (current US$),NY.GDP.MKTP.CD,Hungary,HUN,47110416253.8918,53533393254.505,67366285759.4768,84738408724.8895,103156817856.564,111890070522.215,114238447644.85,138580119902.13,156578897628.628,129359841849.523,129583005051.363,139439620999.229,126824840349.811
GDP (current US$),NY.GDP.MKTP.CD,"Egypt, Arab Rep.",EGY,99838541029.2517,97632008178.3777,87850680623.6642,82923680690.893,78845185715.9104,89685724897.1571,107484034644.765,130478960092.499,162818181818.182,188982374700.805,218888324504.753,236001858960.015,262824255567.604
GDP (current US$),NY.GDP.MKTP.CD,Iraq,IRQ,..,..,..,..,36627901762.063,49954890353.2609,65140295167.0961,88840049180.6764,131613657833.713,111660855042.735,138516722649.573,185749664444.444,218000992453.286
GDP (current US$),NY.GDP.MKTP.CD,Jordan,JOR,8457923955.68299,8972965057.96067,9580161860.88853,10193023676.4412,11407566733.5341,12588665303.244,15056936953.4556,17110615282.7102,21972870920.8571,23818322957.7465,26425379436.6197,28840263380.2817,30937277605.6338
GDP (current US$),NY.GDP.MKTP.CD,Lebanon,LBN,17260364842.4544,17649751243.7811,19152238805.9702,20082918739.6352,20955223880.597,21287562189.0547,21796351575.4561,24577114427.8607,28829850746.2687,35139635157.5456,38009950248.7562,40078938640.1327,43205095854.063
GDP (current US$),NY.GDP.MKTP.CD,Turkey,TUR,266567532789.507,196005289735.64,232534560443.206,303005303084.816,392166275622.589,482985910562.689,530900094644.732,647155131936.449,730337495735.69,614553921806.452,731168051903.114,774754155283.582,788863301670.379
GDP (current US$),NY.GDP.MKTP.CD,Italy,ITA,1142213746084.39,1162784608501.12,1267043290043.29,1570330474040.63,1799125900173.83,1853512498445.47,1943530297327.81,2204085546126.47,2391875494360.63,2186239372047.79,2126747549668.87,2278089102029.47,2075220966827.97
GDP (current US$),NY.GDP.MKTP.CD,France,FRA,1368438363736.87,1382218344519.02,1500337850555.24,1848124153498.87,2124112242364.04,2203678646934.46,2325011918203.49,2663112510265.54,2923465651091.26,2693827452070.02,2646994701986.75,2862502085070.89,2681416108537.39
GDP (current US$),NY.GDP.MKTP.CD,United Kingdom,GBR,1548663943107.88,1529094573197.06,1674416966426.86,1943714285714.29,2298042841450.02,2412109090909.09,2582752529898.8,2963097238895.56,2791681985294.12,2308995170587.32,2407856922126.08,2592015702611.76,2614946487602.81
GDP (current US$),NY.GDP.MKTP.CD,United States,USA,10284779000000,10621824000000,10977514000000,11510670000000,12274928000000,13093726000000,13855888000000,14477635000000,14718582000000,14418739000000,14964372000000,15517926000000,16163158000000
GDP (current US$),NY.GDP.MKTP.CD,Sweden,SWE,259802012617.057,239917320966.977,263926220332.543,331108912605.271,381705425301.746,389042298376.845,420032121655.688,487816328342.309,513965650650.119,429657033107.737,488379327089.837,563113421113.421,543880647757.404
GDP (current US$),NY.GDP.MKTP.CD,Germany,DEU,1947208402432.28,1947928411633.11,2076303406738.19,2502313769751.69,2815470573628.01,2857629648053.72,2998619997490.9,3435683000273.75,3746916654460.23,3412975826618.51,3412211920529.8,3751876563803.17,3533242461467.05
GDP per capita (current US$),NY.GDP.PCAP.CD,Hungary,HUN,4613.70581249244,5254.77240655726,6631.44849761668,8365.46460543265,10206.3250947957,11092.4308034314,11342.8905545968,13781.1407869037,15598.3228874203,12906.7503953069,12958.2707011137,13983.4976428084,12784.2956083469
GDP per capita (current US$),NY.GDP.PCAP.CD,"Egypt, Arab Rep.",EGY,1461.01821652129,1402.75984669784,1238.92651020818,1147.77031830628,1071.32334455572,1196.7333040595,1409.17787226409,1681.31448106002,2061.61277225263,2349.28686465682,2668.03598826159,2816.66694347778,3068.1938834546
GDP per capita (current US$),NY.GDP.PCAP.CD,Iraq,IRQ,..,..,..,..,1391.60958240822,1848.96820105495,2350.19428943966,3125.58025607778,4512.98501826327,3725.67544092444,4487.36628937513,5839.31308191279,6650.22905674055
GDP per capita (current US$),NY.GDP.PCAP.CD,Jordan,JOR,1763.16947168709,1824.88612120412,1901.58036143083,1973.86205972912,2156.43983620682,2326.49515861098,2719.82242656351,3022.54288689457,3797.59262372228,4026.76634957675,4370.72104476013,4665.95427605269,4896.68844660237
GDP per capita (current US$),NY.GDP.PCAP.CD,Lebanon,LBN,5334.88024357398,5253.09758362472,5436.58750689646,5425.66907030169,5424.21794396433,5339.42388043105,5372.47505644041,6015.80212880143,7015.60517786675,8403.10931605671,8763.79596416551,9132.4342022666,9729.28219293391
GDP per capita (current US$),NY.GDP.PCAP.CD,Turkey,TUR,4215.16241317218,3053.8651078691,3570.54626341295,4586.81120315865,5855.53865983905,7117.32271109014,7727.27240453727,9309.50948223814,10382.3181685446,8623.94962537597,10111.5177086398,10584.1639636414,10646.0355326161
GDP per capita (current US$),NY.GDP.PCAP.CD,Italy,ITA,20059.2107704266,20409.0035384696,22205.8419285721,27399.1051248808,31188.6227181104,31973.9347420354,33426.1660580163,37716.4491260352,40659.6704202487,36995.1073497522,35877.8714947865,38364.9417499558,34854.3975583218
GDP per capita (current US$),NY.GDP.PCAP.CD,France,FRA,22465.6418414637,22527.3177509504,24275.2426027905,29691.1815836764,33874.7425478435,34879.7263291899,36544.5085344191,41600.5839748157,45413.065712185,41631.1314123702,40705.7662299421,43807.4759032413,40850.3523734948
GDP per capita (current US$),NY.GDP.PCAP.CD,United Kingdom,GBR,26296.448188778,25864.3949738535,28202.8542573635,32586.6428021759,38308.4363664645,39934.7836019879,42446.7955745067,48319.9319455834,45167.7352263141,37076.6452548831,38362.2171225955,40974.7081448937,41050.7719367539
GDP per capita (current US$),NY.GDP.PCAP.CD,United States,USA,36449.8551155349,37273.6181034176,38166.0378407812,39677.1983481058,41921.8097617892,44307.9205848603,46437.0671173065,48061.5376613353,48401.4273403899,47001.5553496818,48374.0564565966,49781.357490134,51456.6587280353
GDP per capita (current US$),NY.GDP.PCAP.CD,Sweden,SWE,29283.0050461572,26969.2445747257,29571.7044643283,36961.4253671424,42442.2204473133,43085.353145957,46256.4716010495,53324.3793724756,55746.8423811175,46207.0592032962,52076.4305245885,59593.6847982389,57134.0770682404
GDP per capita (current US$),NY.GDP.PCAP.CD,Germany,DEU,23685.3507471519,23654.2827650797,25170.8242069175,30318.5164137544,34120.1912644612,34650.7781763491,36401.4225071544,41762.9089109916,45632.8367808436,41671.3026974748,41725.8500720167,45867.7664803884,43931.6917088564
"GNI per capita, Atlas method (current US$)",NY.GNP.PCAP.CD,Hungary,HUN,4650,4800,5290,6650,8680,10410,11250,11780,13150,13220,13050,13020,12830
"GNI per capita, Atlas method (current US$)",NY.GNP.PCAP.CD,"Egypt, Arab Rep.",EGY,1420,1450,1360,1290,1230,1240,1330,1550,1860,2140,2390,2590,2810
"GNI per capita, Atlas method (current US$)",NY.GNP.PCAP.CD,Iraq,IRQ,..,..,..,..,..,..,2020,2510,3490,4060,4420,4870,6140
"GNI per capita, Atlas method (current US$)",NY.GNP.PCAP.CD,Jordan,JOR,1790,1840,1880,2000,2280,2490,2720,3030,3530,3900,4120,4370,4660
"GNI per capita, Atlas method (current US$)",NY.GNP.PCAP.CD,Lebanon,LBN,5470,5300,4990,4460,5600,5740,5650,6250,6960,7840,8450,9070,9410
"GNI per capita, Atlas method (current US$)",NY.GNP.PCAP.CD,Turkey,TUR,4190,3470,3470,3800,5060,6510,7510,8500,9340,9130,9950,10490,10800
"GNI per capita, Atlas method (current US$)",NY.GNP.PCAP.CD,Italy,ITA,21820,21080,20640,23270,28220,32390,34210,35830,37770,37690,37700,37690,36020
"GNI per capita, Atlas method (current US$)",NY.GNP.PCAP.CD,France,FRA,25150,23940,23180,26020,31500,36000,37960,40250,43510,43760,43790,44220,43180
"GNI per capita, Atlas method (current US$)",NY.GNP.PCAP.CD,United Kingdom,GBR,27230,27040,27420,30640,36170,41010,43430,46110,46860,42650,40470,40090,40600
"GNI per capita, Atlas method (current US$)",NY.GNP.PCAP.CD,United States,USA,36070,36840,37470,39950,43680,46340,48080,48640,49330,48050,48950,50450,52540
"GNI per capita, Atlas method (current US$)",NY.GNP.PCAP.CD,Sweden,SWE,31220,29390,28740,32410,39390,45350,48650,52190,55600,51900,53810,56020,58600
"GNI per capita, Atlas method (current US$)",NY.GNP.PCAP.CD,Germany,DEU,26170,24750,23680,26210,31710,35880,38380,40730,43910,43810,44780,46410,46700
Exports of goods and services (% of GDP),NE.EXP.GNFS.ZS,Hungary,HUN,66.8946313776472,65.0236805330604,58.2252848736954,56.597297156527,60.0242892350636,63.1529557168638,74.6275321851261,78.6110955012577,79.9555877410766,75.0622294973892,82.6234254173991,87.5335762936323,87.4158493526873
Exports of goods and services (% of GDP),NE.EXP.GNFS.ZS,"Egypt, Arab Rep.",EGY,16.2011173184358,17.4797881237803,18.316178261335,21.7964072012908,28.2299606977171,30.3435470022044,29.9498138885135,30.249731471536,33.0429927414852,24.9568221070812,21.3492458146859,20.5674276128656,17.429387496033
Exports of goods and services (% of GDP),NE.EXP.GNFS.ZS,Iraq,IRQ,75.7037742203896,65.2733913946118,70.5700515170938,77.3927188812537,56.2709085305741,54.3478705800752,51.0319429912104,45.8998391733957,50.3283072215829,39.4001102563314,39.41682921428,44.4175230392819,44.4888510937979
Exports of goods and services (% of GDP),NE.EXP.GNFS.ZS,Jordan,JOR,41.8879300971806,42.1922463944594,47.4841811517182,47.4356308801526,52.2662840009675,52.7059754438914,53.874487871299,54.2343662375021,56.505915976116,45.8789884291531,48.2282839980434,47.6549143663444,46.2466832767695
Exports of goods and services (% of GDP),NE.EXP.GNFS.ZS,Lebanon,LBN,14.1775557263643,15.604915999549,16.0986422831809,16.7365813377374,36.2234884457107,37.8174566077716,36.679043155396,38.2267206477733,39.6516417017556,34.115492798218,36.260034904014,36.22535957232,56.4889089692172
Exports of goods and services (% of GDP),NE.EXP.GNFS.ZS,Turkey,TUR,20.0978720967235,27.4408823417422,25.2173097246339,22.9946330914705,23.5515582980158,21.855376216182,22.6699065778681,22.3232414424784,23.9079180084931,23.3164287995597,21.2091413904956,23.9766413240121,26.2961112453326
Exports of goods and services (% of GDP),NE.EXP.GNFS.ZS,Italy,ITA,25.647593709357,25.721422569812,24.4618936299513,23.3506081450555,24.0520532554506,24.6403504969843,26.2158692166477,27.4143548839726,26.9516197047595,22.4655008584791,25.1697022795869,26.9833682285822,28.5532221778639
Exports of goods and services (% of GDP),NE.EXP.GNFS.ZS,France,FRA,28.1734433984177,27.7941822923174,27.0397720822025,25.6108628235084,25.9090111997007,26.3688375363577,27.1758467614219,27.1283927901443,27.3862264198211,24.0716301094833,26.0432298330582,27.8034986917783,28.5218136314173
Exports of goods and services (% of GDP),NE.EXP.GNFS.ZS,United Kingdom,GBR,26.3103901077857,26.1529641463217,25.1245333077926,24.6748283320384,24.3602766431563,25.7556570636033,27.8112680109936,25.6434357266522,27.7149488863648,27.0054731524062,28.6875667767179,30.8746430838789,30.2488727690977
Exports of goods and services (% of GDP),NE.EXP.GNFS.ZS,United States,USA,10.6645947375243,9.6660422917947,9.13239554966635,9.03752778943363,9.62539250739393,9.99639063777568,10.6548205355009,11.497872408028,12.514384877565,11.0116425576467,12.3782675276985,13.5737855690251,13.5750080522631
Exports of goods and services (% of GDP),NE.EXP.GNFS.ZS,Sweden,SWE,44.0979466113921,43.7539596389213,42.090046367996,41.2443052072759,43.4469175060559,45.8732551132439,48.1899956793643,48.2580656119268,49.8130977131591,44.452303460322,46.1851923611233,46.6828949588645,46.3231382978723
Exports of goods and services (% of GDP),NE.EXP.GNFS.ZS,Germany,DEU,30.8730068606577,31.9151878207101,32.6184799753431,32.6356194041632,35.4944037255576,37.7877727585277,41.2379717178479,43.0573560521252,43.5175643661895,37.8472804539497,42.2964265474222,44.8069726946019,45.9242881559329
"Foreign direct investment, net (BoP, current US$)",BN.KLT.DINV.CD,Hungary,HUN,..,..,..,..,..,-5404639802,-451194078.7,-2485819395,-1399243483,-825238300.6,-3839509481,-1859497934,-2754871005
"Foreign direct investment, net (BoP, current US$)",BN.KLT.DINV.CD,"Egypt, Arab Rep.",EGY,..,..,..,..,..,-5283600000,-9894400000,-10913300000,-7574400000,-6140400000,-5210100000,1108200000,-2586600000
"Foreign direct investment, net (BoP, current US$)",BN.KLT.DINV.CD,Iraq,IRQ,..,..,..,..,..,-426600000,-78000000,-963900000,-1822100000,-1526400000,-1271300000,-1716000000,-2910000000
"Foreign direct investment, net (BoP, current US$)",BN.KLT.DINV.CD,Jordan,JOR,..,..,..,..,..,-1821297602,-3682087447,-2574048817,-2813926352,-2340704225,-1622394366,-1442676056,-1491912676
"Foreign direct investment, net (BoP, current US$)",BN.KLT.DINV.CD,Lebanon,LBN,..,..,..,..,..,-1908003612,-1799882372,-2527890758,-3346465470,-3677830199,-3793230222,-2735876878,-2966420160
"Foreign direct investment, net (BoP, current US$)",BN.KLT.DINV.CD,Turkey,TUR,..,..,..,..,..,-8967000000,-19261000000,-19941000000,-17302000000,-7032000000,-7617000000,-13806000000,-9177000000
"Foreign direct investment, net (BoP, current US$)",BN.KLT.DINV.CD,Italy,ITA,..,..,..,..,..,21143749852,3470637068,52075789758,76931505487,1684266939,20761670702,17340683455,6735730647
"Foreign direct investment, net (BoP, current US$)",BN.KLT.DINV.CD,France,FRA,..,..,..,..,..,33679643405,51416740927,48464051603,67954539784,70242406326,33683933606,20268741865,17955501782
"Foreign direct investment, net (BoP, current US$)",BN.KLT.DINV.CD,United Kingdom,GBR,..,..,..,..,..,-103822000000,-68007063374,139493000000,92571376690,-72330545750,-14485241928,66448012153,-30454544341
"Foreign direct investment, net (BoP, current US$)",BN.KLT.DINV.CD,United States,USA,..,..,..,..,..,-76402000000,1772000000,192876000000,18990000000,159938000000,95231000000,182996000000,145899000000
"Foreign direct investment, net (BoP, current US$)",BN.KLT.DINV.CD,Sweden,SWE,..,..,..,..,..,16173020216,-652526783.1,9255487602,-7162889959,16444674088,21072073483,16343266951,12724552190
"Foreign direct investment, net (BoP, current US$)",BN.KLT.DINV.CD,Germany,DEU,..,..,..,..,..,29126709052,60497713147,89824274898,67063870826,42985826498,60640584997,10348464185,45610867342
"GNI per capita, PPP (current international $)",NY.GNP.PCAP.PP.CD,Hungary,HUN,11490,12950,14130,14890,15580,16340,17650,18010,19470,19850,20480,21440,21530
"GNI per capita, PPP (current international $)",NY.GNP.PCAP.PP.CD,"Egypt, Arab Rep.",EGY,6050,6300,6360,6550,6870,7280,7930,8610,9240,9490,9700,9810,10000
"GNI per capita, PPP (current international $)",NY.GNP.PCAP.PP.CD,Iraq,IRQ,..,..,..,..,9030,9600,10620,10810,11860,12010,12260,13210,14790
"GNI per capita, PPP (current international $)",NY.GNP.PCAP.PP.CD,Jordan,JOR,6170,6520,6770,7050,7760,8500,9280,10180,10800,11110,10940,11190,11400
"GNI per capita, PPP (current international $)",NY.GNP.PCAP.PP.CD,Lebanon,LBN,9960,9970,9570,8320,10210,10820,11330,12910,14060,15030,15730,16460,16890
"GNI per capita, PPP (current international $)",NY.GNP.PCAP.PP.CD,Turkey,TUR,9170,8500,8610,8750,10130,11370,12870,13880,15010,14460,16000,17690,18030
"GNI per capita, PPP (current international $)",NY.GNP.PCAP.PP.CD,Italy,ITA,26550,28160,27780,28330,28730,29700,32100,33750,34860,34130,34630,35780,35450
"GNI per capita, PPP (current international $)",NY.GNP.PCAP.PP.CD,France,FRA,26470,27910,28790,28440,29460,30910,32940,34750,35890,35430,36600,38180,37910
"GNI per capita, PPP (current international $)",NY.GNP.PCAP.PP.CD,United Kingdom,GBR,27500,28950,30440,31680,33670,35320,37210,37780,37820,36350,36320,36970,37270
"GNI per capita, PPP (current international $)",NY.GNP.PCAP.PP.CD,United States,USA,36930,37860,38590,39960,42260,44740,47390,48420,48640,47250,48880,50700,52850
"GNI per capita, PPP (current international $)",NY.GNP.PCAP.PP.CD,Sweden,SWE,29390,29820,30860,32600,34460,34800,38480,42010,43580,40690,42880,44960,45240
"GNI per capita, PPP (current international $)",NY.GNP.PCAP.PP.CD,Germany,DEU,26420,27440,28060,29070,30890,32460,35320,37350,38850,37960,40390,43160,44670
GINI index (World Bank estimate),SI.POV.GINI,Hungary,HUN,27.23,26.92,26.84,30.93,..,30.19,28.3,..,27.53,..,29.37,28.94,..
GINI index (World Bank estimate),SI.POV.GINI,"Egypt, Arab Rep.",EGY,32.76,..,..,..,32.14,..,..,..,30.75,..,..,..,..
GINI index (World Bank estimate),SI.POV.GINI,Iraq,IRQ,..,..,..,..,..,..,..,28.6,..,..,..,..,29.54
GINI index (World Bank estimate),SI.POV.GINI,Jordan,JOR,..,..,38.87,..,..,..,33.89,..,32.63,..,33.69,..,..
GINI index (World Bank estimate),SI.POV.GINI,Lebanon,LBN,..,..,..,..,..,..,..,..,..,..,..,..,..
GINI index (World Bank estimate),SI.POV.GINI,Turkey,TUR,..,..,41.4,42.18,41.29,41.73,39.65,38.44,38.28,38.97,38.79,40.04,..
GINI index (World Bank estimate),SI.POV.GINI,Italy,ITA,35.99,..,..,..,37.27,..,..,..,35.45,..,35.52,..,..
GINI index (World Bank estimate),SI.POV.GINI,France,FRA,31.24,..,..,..,..,31.69,..,..,..,..,..,..,..
GINI index (World Bank estimate),SI.POV.GINI,United Kingdom,GBR,..,..,..,..,37.63,..,..,38.07,..,..,38.04,..,..
GINI index (World Bank estimate),SI.POV.GINI,United States,USA,40.15,..,..,..,40.57,..,..,41.64,..,..,41.12,..,..
GINI index (World Bank estimate),SI.POV.GINI,Sweden,SWE,27.48,..,..,..,..,26.08,..,..,..,..,..,..,..
GINI index (World Bank estimate),SI.POV.GINI,Germany,DEU,29.44,..,..,..,31.5,..,..,31.83,..,..,30.63,..,..
"Inflation, consumer prices (annual %)",FP.CPI.TOTL.ZG,Hungary,HUN,9.78058632418548,9.15627229339371,5.26154065372096,4.64845758354733,6.77995977473852,3.55080831408803,3.87831237322513,7.93500887526221,6.0661571530928,4.2091898428053,4.88134507606077,3.957267230955,5.70582934156118
"Inflation, consumer prices (annual %)",FP.CPI.TOTL.ZG,"Egypt, Arab Rep.",EGY,2.6838053534855,2.26975720475954,2.73723855000334,4.50777636319306,11.270619332052,4.86939696871988,7.6445264452643,9.31896905799232,18.3168316831684,11.7634954386443,11.2651882653185,10.053916904536,7.11815561959624
"Inflation, consumer prices (annual %)",FP.CPI.TOTL.ZG,Iraq,IRQ,4.97896213183735,16.3740814963262,19.316694601979,33.6162105992383,26.9619068193272,36.9594809201871,53.230962911428,-10.0674925768978,12.6628528269228,6.87361547212551,2.87774725274758,5.80145537085302,6.08909641595041
"Inflation, consumer prices (annual %)",FP.CPI.TOTL.ZG,Jordan,JOR,0.666880925597951,1.77220437351018,1.83299389002048,1.62999999999998,3.36186821476601,3.49368534619532,6.2517246665644,5.38682403185784,14.9278150092756,-0.678178129317814,5.01394164326238,4.409978662507,4.76795034560587
"Inflation, consumer prices (annual %)",FP.CPI.TOTL.ZG,Lebanon,LBN,..,..,..,..,..,..,..,..,..,1.18764945336656,3.98984146401504,..,..
"Inflation, consumer prices (annual %)",FP.CPI.TOTL.ZG,Turkey,TUR,54.915382408929,54.4001840365156,44.9641235479983,25.2963678797131,10.5842362353911,10.1384049239587,9.59724212288424,8.7561809097263,10.4441283764885,6.25097663090608,8.56644420552996,6.47187967115099,8.89156996512115
"Inflation, consumer prices (annual %)",FP.CPI.TOTL.ZG,Italy,ITA,2.51931830210653,2.787816210635,2.46107483676539,2.67647058823535,2.21522008975457,1.99906585707619,2.06978661049546,1.82144459398839,3.37504406062735,0.75014917739334,1.53989339199552,2.74143821348298,3.04136253041271
"Inflation, consumer prices (annual %)",FP.CPI.TOTL.ZG,France,FRA,1.69941142336036,1.6302575806981,1.91690728264389,2.10907373888372,2.1348747591519,1.73558708119566,1.68372645008186,1.48807352833904,2.81391504348454,0.0880841693173124,1.52963938227715,2.117486808704,1.95568550044042
"Inflation, consumer prices (annual %)",FP.CPI.TOTL.ZG,United Kingdom,GBR,0.785269428648789,1.23589468027951,1.25619249823059,1.36292154464441,1.34459575935186,2.04966831093738,2.33352779398268,2.3210359149769,3.61349888570479,2.16623137194658,3.28571428571458,4.48423964475499,2.82170974709103
"Inflation, consumer prices (annual %)",FP.CPI.TOTL.ZG,United States,USA,3.37685727149926,2.82617111885432,1.58603162650583,2.27009497336108,2.67723669309177,3.39274684549547,3.22594410070403,2.85267248150134,3.839100296651,-0.355546266299712,1.64004344238991,3.156841568622,2.06933726526127
"Inflation, consumer prices (annual %)",FP.CPI.TOTL.ZG,Sweden,SWE,1.03725464876025,2.40595834145441,2.1584821358927,1.92565534892393,0.373659828721969,0.453170852576051,1.36021468627683,2.21216883436735,3.43704910602862,-0.49446054437793,1.15798802715629,2.96115073822098,0.888377506923547
"Inflation, consumer prices (annual %)",FP.CPI.TOTL.ZG,Germany,DEU,1.4713343480467,1.98385685111349,1.42080671307323,1.03422339225281,1.66573608784665,1.54691075514867,1.57742924103124,2.29834058035325,2.62838306731432,0.312737722931232,1.10380856083592,2.075172931078,2.00849118223418
"Inflation, GDP deflator (annual %)",NY.GDP.DEFL.KD.ZG,Hungary,HUN,9.823892443792,11.2148509193012,8.39824442416486,5.43469370862093,5.00506048792269,2.41128990421294,3.52489763970338,5.33738324137063,4.98181181684801,3.93517023924576,2.1401168112438,2.19515949432842,3.36019576876853
"Inflation, GDP deflator (annual %)",NY.GDP.DEFL.KD.ZG,"Egypt, Arab Rep.",EGY,4.9328671323909,1.86772571515191,3.18544795880025,6.77749265580336,11.6699090190816,6.2127285426715,7.3599779033822,12.5957400608436,12.208257474403,11.1733910388198,10.1155034262608,11.6001685151635,12.4431564675213
"Inflation, GDP deflator (annual %)",NY.GDP.DEFL.KD.ZG,Iraq,IRQ,43.6781398465496,-19.5765326506041,6.65337103773015,7.80423542148274,16.7216995635656,32.3069229652546,18.0050301654555,15.0158142893522,32.1525943410663,-21.3697918322258,17.5419388545004,21.6714584789989,3.87319454195165
"Inflation, GDP deflator (annual %)",NY.GDP.DEFL.KD.ZG,Jordan,JOR,-0.412218142105274,0.779777622968908,0.921212596705516,2.14416734552101,3.08553442386479,2.02458058262789,10.6516881197757,5.05072725155659,19.8680273605241,2.81875589058261,8.41218336104023,6.41345725972164,4.50061041731146
"Inflation, GDP deflator (annual %)",NY.GDP.DEFL.KD.ZG,Lebanon,LBN,-2.09010372588706,-1.63299831787145,4.97119872806063,1.57112548403792,-2.91711899943503,-1.08702101099294,0.774885395120364,3.06555409198394,7.52127562756893,10.5034273290617,0.159474186695462,3.3711177101919,5.47945205479444
"Inflation, GDP deflator (annual %)",NY.GDP.DEFL.KD.ZG,Turkey,TUR,49.225874096891,52.8505508506395,37.4248377446123,23.2703142686405,12.3998747368689,7.08429166015974,9.33086793241249,6.22093164545126,11.99441675237,5.29434090042611,5.6757397450226,8.57759889253809,6.90224514786752
"Inflation, GDP deflator (annual %)",NY.GDP.DEFL.KD.ZG,Italy,ITA,1.96543833504161,2.98592417851953,3.35386101667157,3.18131794944566,2.5241583583814,1.88909577257948,1.89927995090484,2.43507245806325,2.4811026517402,1.9585621922274,0.31992480712448,1.46988431324064,1.3603819896141
"Inflation, GDP deflator (annual %)",NY.GDP.DEFL.KD.ZG,France,FRA,1.54339149905265,2.00064771907454,2.07144502764866,1.87351822443347,1.64557571831807,1.93951226355537,2.16120015776752,2.56390313262868,2.37912074169802,0.0966219584751258,1.07982505899795,0.943612562066249,1.157652554853
"Inflation, GDP deflator (annual %)",NY.GDP.DEFL.KD.ZG,United Kingdom,GBR,2.40265195125026,1.0923430414116,2.65175360657737,2.17219149014483,2.90651002181659,2.8085048410959,2.6852383761066,2.87273421927988,2.88857084742773,1.99098749393956,3.17063720529018,2.12594521157034,1.66095374845764
"Inflation, GDP deflator (annual %)",NY.GDP.DEFL.KD.ZG,United States,USA,2.2755198186309,2.27890082306332,1.53512487564831,1.99405671628784,2.74972065749731,3.21763842525186,3.07226646491038,2.66133625999005,1.96161250639746,0.759434629664767,1.22134963016063,2.06462786741891,1.79522489523134
"Inflation, GDP deflator (annual %)",NY.GDP.DEFL.KD.ZG,Sweden,SWE,1.55878460409835,2.50488007447684,1.59556387903233,1.75811808338764,0.429240699116647,0.803681845485855,1.82112122921789,2.88490903019134,3.3218228191451,2.38313797986676,0.990934847108505,1.18424421541835,1.06120046507496
"Inflation, GDP deflator (annual %)",NY.GDP.DEFL.KD.ZG,Germany,DEU,-0.464036611008595,1.2785436682537,1.34291500243755,1.21743164355637,1.08566100767111,0.622619709117217,0.299227567541877,1.69163872644651,0.847654108642786,1.77562299961811,0.745503969087721,1.13889542190144,1.49997802781789
Internet users (per 100 people),IT.NET.USER.P2,Hungary,HUN,6.99967635062916,14.5285543028277,16.67,21.63,27.74,38.97,47.06,53.3,61,62,65,68.0199878861296,70.579998153838
Internet users (per 100 people),IT.NET.USER.P2,"Egypt, Arab Rep.",EGY,0.641265037504813,0.838945611477604,2.71999971465421,4.03788510706701,11.92,12.75,13.66,16.03,18.01,20,21.6,25.6,26.4
Internet users (per 100 people),IT.NET.USER.P2,Iraq,IRQ,..,0.1,0.5,0.6,0.9,0.9,0.95234424383919,0.93,1,1.06,2.5,5,7.1
Internet users (per 100 people),IT.NET.USER.P2,Jordan,JOR,2.62327542156362,4.70571958094159,6.02553241191204,8.46600501623938,11.6587413706379,12.9328520457507,13.8671087882097,20,23,26,27.2,34.9,37
Internet users (per 100 people),IT.NET.USER.P2,Lebanon,LBN,7.95274373635276,6.78321977527715,7,8,9,10.14,15,18.74,22.53,30.14,43.68,52,61.249785718304
Internet users (per 100 people),IT.NET.USER.P2,Turkey,TUR,3.761685035075,5.18948146078506,11.38,12.33,14.58,15.46,18.24,28.63,34.37,36.4,39.82,43.065710430925,45.13
Internet users (per 100 people),IT.NET.USER.P2,Italy,ITA,23.1108742441037,27.2221169788811,28.04,29.04,33.24,35,37.99,40.79,44.53,48.83,53.68,54.3899983018814,55.829997993283
Internet users (per 100 people),IT.NET.USER.P2,France,FRA,14.3079239430677,26.3259035521688,30.18,36.14,39.15,42.87,46.87,66.09,70.68,71.58,77.28,77.8199989926706,81.44
Internet users (per 100 people),IT.NET.USER.P2,United Kingdom,GBR,26.8217543508578,33.4810948744147,56.48,64.82,65.61,70,68.82,75.09,78.39,83.56,85,85.3799985496322,87.4799984242111
Internet users (per 100 people),IT.NET.USER.P2,United States,USA,43.0791626375201,49.0808315896951,58.7854038836952,61.6971171244207,64.7582564759896,67.968052915002,68.9311932699721,75,74,71,71.69,69.7294607619268,79.3
Internet users (per 100 people),IT.NET.USER.P2,Sweden,SWE,45.6876522122282,51.7656649372808,70.57,79.13,83.89,84.83,87.76,82.01,90,91,90,92.7699860554046,93.1799880065108
Internet users (per 100 people),IT.NET.USER.P2,Germany,DEU,30.2163466048889,31.650939416316,48.82,55.9,64.73,68.71,72.16,75.16,78,79,82,81.26999953602,82.3499984738392
Imports of goods and services (% of GDP),NE.IMP.GNFS.ZS,Hungary,HUN,70.5769357203907,66.2822475941288,60.2618975729789,60.5705307251548,63.9835636467609,65.4398221330599,75.7354129107142,77.9317983454953,79.6012967453423,71.0003779959156,77.2623870752018,81.3727988121148,80.5580269573502
Imports of goods and services (% of GDP),NE.IMP.GNFS.ZS,"Egypt, Arab Rep.",EGY,22.8168185827698,22.330638416504,22.670889231249,24.383233550455,29.5899442057823,32.6090994711573,31.568722747352,34.828141783029,38.6376326074819,31.596622529265,26.5871042599039,24.6882065494858,25.845763249762
Imports of goods and services (% of GDP),NE.IMP.GNFS.ZS,Iraq,IRQ,49.6328214205144,61.506864582163,49.1919962298936,76.8418064070126,63.9630685911016,61.3946697285668,38.6185768669673,28.1930139321024,30.7272360450006,39.2872685626584,34.0806504059643,27.7538051840835,35.9579992345748
Imports of goods and services (% of GDP),NE.IMP.GNFS.ZS,Jordan,JOR,68.6006445579445,67.2435502281185,66.7060050710826,68.4259385918277,82.5533981373583,94.2068052644174,87.8733148719562,91.7584082453382,87.5113184821679,69.080442170888,69.0298827854319,73.8589883167542,74.2647535139373
Imports of goods and services (% of GDP),NE.IMP.GNFS.ZS,Lebanon,LBN,35.9377401998463,39.9518923591536,34.9438902743142,37.3542526837325,58.3032605254827,58.5522420616372,57.9737050337817,63.0607287449393,69.8626354662801,58.6336435542635,61.8568935427574,64.1784868998163,77.0594668060315
Imports of goods and services (% of GDP),NE.IMP.GNFS.ZS,Turkey,TUR,23.0942733230515,23.3153488514658,23.5827728270747,24.0380848966243,26.1856184192928,25.3515035570804,27.5810496886296,27.4838723713097,28.3406773718691,24.4218128498787,26.7597786009026,32.6474628448417,31.4587242793375
Imports of goods and services (% of GDP),NE.IMP.GNFS.ZS,Italy,ITA,24.806873724147,24.4666471398828,23.7162610718885,22.8979708948268,23.4701549189243,24.7507899507343,27.0518232777429,27.7734359499248,27.7401638058233,23.1211019492136,27.137436613094,28.5523272831625,27.5534148557096
Imports of goods and services (% of GDP),NE.IMP.GNFS.ZS,France,FRA,27.0859211891446,26.5224853346661,25.3757388228638,24.5211116390361,25.2877668404686,26.783176766303,28.0113982496856,28.4193105716797,29.1376105418744,25.4962179289815,27.9252091963847,30.3655056806152,30.6785712403249
Imports of goods and services (% of GDP),NE.IMP.GNFS.ZS,United Kingdom,GBR,28.2779293256943,28.4968303488217,27.8133786143751,26.9623905419878,27.179449183431,28.3669515927216,30.1777554878944,28.3912553782827,30.6715393352758,28.902387352376,31.0655719295544,32.347434005676,32.3311086732746
Imports of goods and services (% of GDP),NE.IMP.GNFS.ZS,United States,USA,14.3185381037356,13.1370092368316,13.0172459811939,13.4130332986698,14.6695768806139,15.5042193490226,16.2188089280167,16.4610449151398,17.4270184451192,13.7541847452818,15.8041379885504,17.3113340017216,17.0910907385797
Imports of goods and services (% of GDP),NE.IMP.GNFS.ZS,Sweden,SWE,38.2294596022951,37.5222445957234,35.7735159206125,34.9038225234048,35.8469082372737,38.7007146021534,40.5994873964249,41.2817143066854,43.5460336362125,38.6909994772707,40.7176546323659,41.9786319281667,41.3918801563178
Imports of goods and services (% of GDP),NE.IMP.GNFS.ZS,Germany,DEU,30.6035486160397,30.1491632250863,28.2373950722483,28.9672763356713,30.4485398530592,32.7278463935382,35.941720358129,36.4101174848911,37.5437643177145,32.9152182231159,37.1124360497163,39.9739913304435,40.0424015418742
"Life expectancy at birth, total (years)",SP.DYN.LE00.IN,Hungary,HUN,71.2463414634146,72.2487804878049,72.3487804878049,72.3,72.6487804878049,72.6487804878049,73.0975609756098,73.1512195121951,73.7024390243903,73.9048780487805,74.2073170731707,74.8585365853659,75.0634146341463
"Life expectancy at birth, total (years)",SP.DYN.LE00.IN,"Egypt, Arab Rep.",EGY,68.591243902439,68.7864390243902,68.9516829268293,69.1074878048781,69.2638292682927,69.4311463414634,69.6139024390244,69.8085609756098,70.0136097560976,70.2280243902439,70.4508292682927,70.6785609756098,70.907243902439
"Life expectancy at birth, total (years)",SP.DYN.LE00.IN,Iraq,IRQ,70.8299268292683,70.6674146341464,70.4310487804878,70.1235609756098,69.7686585365854,69.4079024390244,69.0915609756098,68.8594634146341,68.7346829268293,68.7279512195122,68.829756097561,69.0157804878049,69.2419268292683
"Life expectancy at birth, total (years)",SP.DYN.LE00.IN,Jordan,JOR,71.779756097561,71.9563658536586,72.1324878048781,72.3046097560976,72.473756097561,72.6389024390244,72.8010487804878,72.9611951219512,73.1197804878049,73.2783414634146,73.4358780487805,73.5918780487805,73.7473902439024
"Life expectancy at birth, total (years)",SP.DYN.LE00.IN,Lebanon,LBN,74.3908292682927,74.8949268292683,75.421243902439,75.9662682926829,76.5216585365854,77.0715853658537,77.5967317073171,78.0833170731707,78.5224146341464,78.9100731707317,79.2527804878049,79.5589268292683,79.8463658536585
"Life expectancy at birth, total (years)",SP.DYN.LE00.IN,Turkey,TUR,69.9983658536586,70.5518536585366,71.0730975609756,71.5598780487805,72.0111219512195,72.4283658536586,72.8157317073171,73.1819268292683,73.5341951219512,73.8760975609756,74.2111951219512,74.5404878048781,74.8624390243903
"Life expectancy at birth, total (years)",SP.DYN.LE00.IN,Italy,ITA,79.7780487804878,80.1268292682927,80.2292682926829,79.9829268292683,80.7804878048781,80.7829268292683,81.2829268292683,81.4341463414634,81.4853658536586,81.6365853658537,82.0365853658537,82.1878048780488,82.2390243902439
"Life expectancy at birth, total (years)",SP.DYN.LE00.IN,France,FRA,79.0560975609756,79.1585365853659,79.2609756097561,79.1146341463415,80.1634146341463,80.1634146341463,80.8121951219512,81.1121951219512,81.2146341463415,81.4146341463415,81.6634146341463,82.1146341463415,81.9682926829268
"Life expectancy at birth, total (years)",SP.DYN.LE00.IN,United Kingdom,GBR,77.7414634146342,77.9926829268293,78.1439024390244,78.4463414634146,78.7463414634146,79.0487804878049,79.2487804878049,79.4487804878049,79.6,80.0512195121951,80.4024390243902,80.9512195121951,80.9048780487805
"Life expectancy at birth, total (years)",SP.DYN.LE00.IN,United States,USA,76.6365853658537,76.7365853658537,76.8365853658537,76.9878048780488,77.3390243902439,77.3390243902439,77.5878048780488,77.8390243902439,77.9390243902439,78.090243902439,78.5414634146342,78.6414634146341,78.7414634146342
"Life expectancy at birth, total (years)",SP.DYN.LE00.IN,Sweden,SWE,79.6439024390244,79.7951219512195,79.8463414634146,80.0951219512195,80.4975609756098,80.5463414634146,80.7487804878049,80.9,81.1,81.3512195121951,81.4512195121951,81.8024390243903,81.7048780487805
"Life expectancy at birth, total (years)",SP.DYN.LE00.IN,Germany,DEU,77.9268292682927,78.3292682926829,78.2292682926829,78.3804878048781,78.6804878048781,78.9317073170732,79.1317073170732,79.5341463414634,79.7365853658537,79.8365853658537,79.9878048780488,80.7414634146342,80.8926829268293
"Literacy rate, adult total (% of people ages 15 and above)",SE.ADT.LITR.ZS,Hungary,HUN,..,..,..,..,99.0292205810547,..,..,..,..,..,..,..,..
"Literacy rate, adult total (% of people ages 15 and above)",SE.ADT.LITR.ZS,"Egypt, Arab Rep.",EGY,..,..,..,..,..,71.4088668823242,66.3699035644531,..,..,..,72.0478515625,..,73.8655853271484
"Literacy rate, adult total (% of people ages 15 and above)",SE.ADT.LITR.ZS,Iraq,IRQ,74.0522003173828,..,..,..,..,..,..,..,..,..,..,..,..
"Literacy rate, adult total (% of people ages 15 and above)",SE.ADT.LITR.ZS,Jordan,JOR,..,..,..,89.8923263549805,..,91.1307525634766,..,92.199577331543,..,..,92.5510406494141,95.9044494628906,97.8903198242188
"Literacy rate, adult total (% of people ages 15 and above)",SE.ADT.LITR.ZS,Lebanon,LBN,..,..,..,..,..,..,..,89.6124420166016,..,..,..,..,..
"Literacy rate, adult total (% of people ages 15 and above)",SE.ADT.LITR.ZS,Turkey,TUR,..,..,..,..,87.3654861450195,88.2290573120117,88.119384765625,88.6558990478516,..,90.8167190551758,92.6605987548828,94.1060943603516,94.9197463989258
"Literacy rate, adult total (% of people ages 15 and above)",SE.ADT.LITR.ZS,Italy,ITA,..,98.416618347168,..,..,..,..,..,..,..,..,..,..,..
"Literacy rate, adult total (% of people ages 15 and above)",SE.ADT.LITR.ZS,France,FRA,..,..,..,..,..,..,..,..,..,..,..,..,..
"Literacy rate, adult total (% of people ages 15 and above)",SE.ADT.LITR.ZS,United Kingdom,GBR,..,..,..,..,..,..,..,..,..,..,..,..,..
"Literacy rate, adult total (% of people ages 15 and above)",SE.ADT.LITR.ZS,United States,USA,..,..,..,..,..,..,..,..,..,..,..,..,..
"Literacy rate, adult total (% of people ages 15 and above)",SE.ADT.LITR.ZS,Sweden,SWE,..,..,..,..,..,..,..,..,..,..,..,..,..
"Literacy rate, adult total (% of people ages 15 and above)",SE.ADT.LITR.ZS,Germany,DEU,..,..,..,..,..,..,..,..,..,..,..,..,..
"Unemployment, total (% of total labor force) (modeled ILO estimate)",SL.UEM.TOTL.ZS,Hungary,HUN,6.40000009536743,5.69999980926514,5.80000019073486,5.90000009536743,6.09999990463257,7.19999980926514,7.5,7.40000009536743,7.80000019073486,10,11.1999998092651,10.8999996185303,10.8999996185303
"Unemployment, total (% of total labor force) (modeled ILO estimate)",SL.UEM.TOTL.ZS,"Egypt, Arab Rep.",EGY,9,9.39999961853027,10.1999998092651,10.3999996185303,10.6999998092651,11.1999998092651,10.6000003814697,8.89999961853027,8.69999980926514,9.39999961853027,9,12,12.6999998092651
"Unemployment, total (% of total labor force) (modeled ILO estimate)",SL.UEM.TOTL.ZS,Iraq,IRQ,18.2999992370605,18.3999996185303,18.6000003814697,29.8999996185303,28.7000007629395,18,17.5,16.8999996185303,15.3000001907349,15.1999998092651,15.1999998092651,15.1999998092651,15.1000003814697
"Unemployment, total (% of total labor force) (modeled ILO estimate)",SL.UEM.TOTL.ZS,Jordan,JOR,13.6999998092651,15.8000001907349,16.2000007629395,15.3999996185303,12.3999996185303,14.8999996185303,14,13.1000003814697,12.6999998092651,12.8999996185303,12.5,12.8999996185303,12.1999998092651
"Unemployment, total (% of total labor force) (modeled ILO estimate)",SL.UEM.TOTL.ZS,Lebanon,LBN,8.89999961853027,8.19999980926514,8.19999980926514,8.5,7.90000009536743,8.19999980926514,8.39999961853027,9,7.19999980926514,6.19999980926514,6.19999980926514,6.19999980926514,6.19999980926514
"Unemployment, total (% of total labor force) (modeled ILO estimate)",SL.UEM.TOTL.ZS,Turkey,TUR,6.5,8.39999961853027,10.3999996185303,10.5,10.8000001907349,10.6000003814697,10.1999998092651,10.3000001907349,11,14,11.8999996185303,9.80000019073486,9.19999980926514
"Unemployment, total (% of total labor force) (modeled ILO estimate)",SL.UEM.TOTL.ZS,Italy,ITA,10.8000001907349,9.60000038146973,9.19999980926514,8.89999961853027,7.90000009536743,7.69999980926514,6.80000019073486,6.09999990463257,6.69999980926514,7.80000019073486,8.39999961853027,8.39999961853027,10.6999998092651
"Unemployment, total (% of total labor force) (modeled ILO estimate)",SL.UEM.TOTL.ZS,France,FRA,10.1999998092651,8.60000038146973,8.69999980926514,8.60000038146973,9.19999980926514,8.89999961853027,8.80000019073486,8,7.40000009536743,9.10000038146973,9.30000019073486,9.19999980926514,9.89999961853027
"Unemployment, total (% of total labor force) (modeled ILO estimate)",SL.UEM.TOTL.ZS,United Kingdom,GBR,5.59999990463257,4.80000019073486,5.19999980926514,4.90000009536743,4.69999980926514,4.80000019073486,5.5,5.40000009536743,5.40000009536743,7.80000019073486,7.90000009536743,7.80000019073486,8
"Unemployment, total (% of total labor force) (modeled ILO estimate)",SL.UEM.TOTL.ZS,United States,USA,4.09999990463257,4.80000019073486,5.90000009536743,6.09999990463257,5.59999990463257,5.19999980926514,4.69999980926514,4.69999980926514,5.90000009536743,9.39999961853027,9.69999980926514,9,8.19999980926514
"Unemployment, total (% of total labor force) (modeled ILO estimate)",SL.UEM.TOTL.ZS,Sweden,SWE,5.90000009536743,5.09999990463257,5.30000019073486,5.90000009536743,6.59999990463257,7.80000019073486,7.09999990463257,6.19999980926514,6.30000019073486,8.39999961853027,8.69999980926514,7.80000019073486,8.10000038146973
"Unemployment, total (% of total labor force) (modeled ILO estimate)",SL.UEM.TOTL.ZS,Germany,DEU,7.69999980926514,7.80000019073486,8.60000038146973,9.30000019073486,10.3000001907349,11.1000003814697,10.3000001907349,8.60000038146973,7.5,7.69999980926514,7.09999990463257,5.90000009536743,5.40000009536743
Poverty headcount ratio at national poverty lines (% of population),SI.POV.NAHC,Hungary,HUN,..,..,..,..,13.5,15.9,12.3,12.4,12.4,12.3,13.8,14,14.3
Poverty headcount ratio at national poverty lines (% of population),SI.POV.NAHC,"Egypt, Arab Rep.",EGY,16.7,..,..,..,19.6,..,..,..,..,21.6,..,25.2,..
Poverty headcount ratio at national poverty lines (% of population),SI.POV.NAHC,Iraq,IRQ,..,..,..,..,..,..,..,22.4,..,..,..,..,18.9
Poverty headcount ratio at national poverty lines (% of population),SI.POV.NAHC,Jordan,JOR,..,..,..,..,..,..,..,..,..,..,14.4,..,..
Poverty headcount ratio at national poverty lines (% of population),SI.POV.NAHC,Lebanon,LBN,..,..,..,..,28.6,..,..,..,..,..,..,..,..
Poverty headcount ratio at national poverty lines (% of population),SI.POV.NAHC,Turkey,TUR,..,..,30.3,23.8,20.9,16.4,13.3,8.4,6.8,4.4,3.7,2.8,2.3
Poverty headcount ratio at national poverty lines (% of population),SI.POV.NAHC,Italy,ITA,..,..,..,..,..,..,..,..,..,..,..,..,..
Poverty headcount ratio at national poverty lines (% of population),SI.POV.NAHC,France,FRA,..,..,..,..,..,..,..,..,..,..,..,..,..
Poverty headcount ratio at national poverty lines (% of population),SI.POV.NAHC,United Kingdom,GBR,..,..,..,..,..,..,..,..,..,..,..,..,..
Poverty headcount ratio at national poverty lines (% of population),SI.POV.NAHC,United States,USA,..,..,..,..,..,..,..,..,..,..,..,..,..
Poverty headcount ratio at national poverty lines (% of population),SI.POV.NAHC,Sweden,SWE,..,..,..,..,..,..,..,..,..,..,..,..,..
Poverty headcount ratio at national poverty lines (% of population),SI.POV.NAHC,Germany,DEU,..,..,..,..,..,..,..,..,..,..,..,..,..
"Agriculture, value added (% of GDP)",NV.AGR.TOTL.ZS,Hungary,HUN,5.75040218368855,5.6615238671293,4.85221667688564,4.52670854680606,5.08346033953607,4.32680082263817,4.08208710198354,4.00207704899762,3.96687551611126,3.52494140173946,3.55284152328866,4.65036584781437,4.54157632828824
"Agriculture, value added (% of GDP)",NV.AGR.TOTL.ZS,"Egypt, Arab Rep.",EGY,16.740742618012,16.5587110277136,16.4621994687557,16.3386662311191,15.1786436405073,14.8648301813781,14.0698666647394,14.0702400636499,13.223846833948,13.6274739700043,13.9901838153239,14.5170221031941,14.4655140766116
"Agriculture, value added (% of GDP)",NV.AGR.TOTL.ZS,Iraq,IRQ,..,..,..,..,..,..,..,..,..,..,..,..,..
"Agriculture, value added (% of GDP)",NV.AGR.TOTL.ZS,Jordan,JOR,2.345835839846,2.27284003651772,2.54615163541077,2.8301203194825,2.80862569941355,3.09159483762649,2.9460323045416,2.84223747426002,2.69664295925546,3.05213122787964,3.41626612105969,3.32607333691761,3.13237337165298
"Agriculture, value added (% of GDP)",NV.AGR.TOTL.ZS,Lebanon,LBN,7.11031280119162,6.6826593557231,6.66693850921546,6.58004199183932,4.33080853839742,3.96067219859145,4.81645318896078,5.34989181659207,4.83639778568604,4.43491616536542,4.28704747832173,4.12508556400187,6.11865469908197
"Agriculture, value added (% of GDP)",NV.AGR.TOTL.ZS,Turkey,TUR,11.3115093786804,9.94771387137684,11.706928068155,11.3907426144265,10.9184502279691,10.795493943297,9.37414573792354,8.52712769624252,8.45669045042553,9.11220938522319,9.45723455532618,9.00759449594781,8.84282187989082
"Agriculture, value added (% of GDP)",NV.AGR.TOTL.ZS,Italy,ITA,2.84780426739827,2.75261813591061,2.61908736563654,2.59700672764756,2.59578396911617,2.24849037392071,2.16420765637598,2.10383009859049,2.06750125557443,1.97898227685463,1.96733457654886,2.09822667699919,2.18641146704378
"Agriculture, value added (% of GDP)",NV.AGR.TOTL.ZS,France,FRA,2.34310709428465,2.3447888985181,2.23443582948932,2.05581820128102,2.029061386967,1.87292852032994,1.69795972474964,1.80029894305141,1.68671278061544,1.4645220405746,1.78191675430404,1.84071569690803,1.81899703755104
"Agriculture, value added (% of GDP)",NV.AGR.TOTL.ZS,United Kingdom,GBR,0.879693298196821,0.809539829971324,0.807096604348492,0.842278813888363,0.854227558387055,0.622449906321373,0.598848051440571,0.620056267432964,0.663614172980974,0.557973481947829,0.676954973427268,0.639845504780112,0.677327385517647
"Agriculture, value added (% of GDP)",NV.AGR.TOTL.ZS,United States,USA,1.17402070367038,1.15097616201822,0.983024875827564,1.15452214580345,1.2874242638343,1.17069360936804,1.04360604889818,1.07073429728857,1.14088012979611,1.0417339637032,1.16336446820417,1.36233515615426,1.29263554024038
"Agriculture, value added (% of GDP)",NV.AGR.TOTL.ZS,Sweden,SWE,1.90276821164981,1.90239803373304,1.84220170523536,1.82140395369045,1.79567540900082,1.14089366420774,1.35362104981793,1.58565905028969,1.60363822435026,1.47524833046782,1.6243767341662,1.63047238678085,1.48691984419057
"Agriculture, value added (% of GDP)",NV.AGR.TOTL.ZS,Germany,DEU,1.07950050675357,1.17602078817949,0.969263229641212,0.892045020326878,1.02721574158844,0.780462746203385,0.800593553066382,0.84434767090324,0.912497028387106,0.757763811672685,0.741112177473366,0.805624229863416,0.873654308822892
CO2 emissions (metric tons per capita),EN.ATM.CO2E.PC,Hungary,HUN,5.46586020075858,5.5907159858243,5.52182927030948,5.83089647005119,5.6849107552221,5.75184892731434,5.69818703910193,5.57245952079302,5.46350118168737,4.86718592388241,5.07474962807586,4.86298993143314,..
CO2 emissions (metric tons per capita),EN.ATM.CO2E.PC,"Egypt, Arab Rep.",EGY,2.06814043277005,1.80246890999698,1.79376499727608,2.04800431781662,2.05054049898427,2.23116022279329,2.34175781523222,2.49135700439739,2.49185303122379,2.462249163666,2.49481706669717,2.63511522475978,..
CO2 emissions (metric tons per capita),EN.ATM.CO2E.PC,Iraq,IRQ,3.0730017890751,3.51798572509417,3.49826235328364,3.55505663464197,4.33441260491335,4.20179865711797,3.56354243172859,2.18676682684612,3.19405032217346,3.47996689025664,3.61043477945362,4.20163513007514,..
CO2 emissions (metric tons per capita),EN.ATM.CO2E.PC,Jordan,JOR,3.23280029184907,3.25458368924141,3.35183306867805,3.38295662277304,3.63719262759924,3.89199427092959,3.81537572254335,3.89242236354001,3.68981576218458,3.70109721048183,3.50324048957989,3.60114706358194,..
CO2 emissions (metric tons per capita),EN.ATM.CO2E.PC,Lebanon,LBN,4.7240373619173,4.82293924625172,4.55194726303365,4.92174339666683,4.35775719590989,4.0745824099888,3.57296142681329,3.30938046607624,4.20206093898631,5.0010022139099,4.63241188465437,4.6683125079609,..
CO2 emissions (metric tons per capita),EN.ATM.CO2E.PC,Turkey,TUR,3.41794399719786,3.03123276501918,3.15828449526413,3.30795434056199,3.36582806161375,3.49820837909564,3.80781374543388,4.09488879112011,4.05539658284175,3.89895912237478,4.12115485547753,4.38310451625186,..
CO2 emissions (metric tons per capita),EN.ATM.CO2E.PC,Italy,ITA,7.912673166227,7.90443266326278,7.93232304235508,8.17175128041614,8.21648720132938,8.16609012769546,8.07214559567724,7.91734721623538,7.60176496973799,6.79565148637292,6.83837457020099,6.70255761383033,..
CO2 emissions (metric tons per capita),EN.ATM.CO2E.PC,France,FRA,5.97682641417858,6.21204812176703,6.1310218917103,6.20666459913396,6.19411440864021,6.18161046149315,5.99589372288961,5.85654740768939,5.77452192225583,5.51140538887853,5.49670665548453,5.18504342392799,..
CO2 emissions (metric tons per capita),EN.ATM.CO2E.PC,United Kingdom,GBR,9.19979829694484,9.23323701401393,8.87793487399689,9.02831786444569,8.98742851579831,8.98148147902875,8.89732410009266,8.61548931914232,8.43777320026641,7.5989996028985,7.84165331224773,7.08573208602778,..
CO2 emissions (metric tons per capita),EN.ATM.CO2E.PC,United States,USA,20.2076147591466,19.6561932123448,19.6391957710047,19.5762390475548,19.683581350362,19.6102750390681,19.1161388237155,19.2374604467856,18.4892337521751,17.192379097866,17.4847921827813,17.0202163384029,..
CO2 emissions (metric tons per capita),EN.ATM.CO2E.PC,Sweden,SWE,5.56243008285854,5.74702606576468,6.43422859805055,6.11519453231213,6.06224140440501,5.71031351209116,5.45900321623082,5.25352193659618,5.32610958544246,4.70436870833676,5.60600049519488,5.5184214812387,..
CO2 emissions (metric tons per capita),EN.ATM.CO2E.PC,Germany,DEU,10.0956398829225,10.3662866966788,10.0471142793913,9.97637447788901,9.90970342087729,9.6675727883724,9.78247110937081,9.48902053198602,9.52565876277067,8.80395483853709,9.17981683831858,8.91783284592949,..
"Central government debt, total (% of GDP)",GC.DOD.TOTL.GD.ZS,Hungary,HUN,62.009806539669,59.8467539973533,59.8822943252072,62.150063738367,65.5779606748678,67.8702628149727,69.4075884764095,69.5759010236614,72.8397596436214,81.0950809871722,81.6516310565972,81.2252726793651,84.6584620019055
"Central government debt, total (% of GDP)",GC.DOD.TOTL.GD.ZS,"Egypt, Arab Rep.",EGY,..,..,..,..,..,..,..,85.7885338345865,..,..,..,..,..
"Central government debt, total (% of GDP)",GC.DOD.TOTL.GD.ZS,Iraq,IRQ,..,..,..,..,..,..,..,..,..,..,..,..,..
"Central government debt, total (% of GDP)",GC.DOD.TOTL.GD.ZS,Jordan,JOR,93.742725126687,90.850830215315,85.0926463295821,88.9387067017685,89.0545429803867,79.9519239759384,72.6251290084296,69.9588209042892,56.7848799475343,61.0105512744292,61.3734574861382,61.8545463655638,66.8235277364077
"Central government debt, total (% of GDP)",GC.DOD.TOTL.GD.ZS,Lebanon,LBN,..,..,..,..,..,..,..,..,..,..,..,..,..
"Central government debt, total (% of GDP)",GC.DOD.TOTL.GD.ZS,Turkey,TUR,..,..,..,..,..,..,..,..,43.954343393386,54.0166191738933,51.338586849492,46.9375272541929,45.1445327139215
"Central government debt, total (% of GDP)",GC.DOD.TOTL.GD.ZS,Italy,ITA,114.698528455696,113.890584955439,111.374060968231,106.874799829341,106.719371628747,108.710044367675,105.129323232558,100.618487840408,103.397235919113,117.116959110036,115.845269186964,108.899109153677,127.169916598726
"Central government debt, total (% of GDP)",GC.DOD.TOTL.GD.ZS,France,FRA,59.5949782636943,59.3659059877809,63.4137238679537,67.4214840500831,69.0745633519605,70.7045459932347,66.4558317824685,65.3767082804381,70.9998747400857,82.6920032160626,86.4643196507748,90.6031416744849,101.053557643791
"Central government debt, total (% of GDP)",GC.DOD.TOTL.GD.ZS,United Kingdom,GBR,43.3100930912388,39.0784947592967,39.3127820181512,39.6742613552844,42.0350368987668,43.9158488233609,43.7846132364863,44.7760770745383,54.3463874759247,68.5954266252132,81.1821364057843,94.5837766130074,97.1666996902229
"Central government debt, total (% of GDP)",GC.DOD.TOTL.GD.ZS,United States,USA,..,51.9938948338816,53.5030062362025,55.9689401225124,56.3848521148149,56.2895542491114,55.2949042313275,55.6320144830285,64.0299452759783,76.3138857011005,85.5505329592181,90.1428451198955,94.280461776096
"Central government debt, total (% of GDP)",GC.DOD.TOTL.GD.ZS,Sweden,SWE,64.906203184563,54.2509069338574,51.9665540282877,50.5516451125438,50.0330289489023,50.5728580508999,44.2506020333125,38.6373831418543,39.7361080812694,39.7208887067057,36.6769375175071,36.6592580984894,35.2897579244464
"Central government debt, total (% of GDP)",GC.DOD.TOTL.GD.ZS,Germany,DEU,38.2785900165602,36.7455588682522,37.9558351614482,39.7456079023928,41.6684306617628,43.2972121402025,42.0994477449586,39.4344869348355,41.727586179936,46.0359593920201,53.7390828423038,53.3159571709088,55.182333903051
"Population, total",SP.POP.TOTL,Hungary,HUN,10210971,10187576,10158608,10129552,10107146,10087065,10071370,10055780,10038188,10022650,10000023,9971727,9920362
"Population, total",SP.POP.TOTL,"Egypt, Arab Rep.",EGY,68334905,69599945,70908710,72247626,73596068,74942115,76274285,77605327,78976122,80442443,82040994,83787634,85660902
"Population, total",SP.POP.TOTL,Iraq,IRQ,23574751,24258794,24943793,25630426,26320530,27017712,27716983,28423538,29163327,29970634,30868156,31810191,32780975
"Population, total",SP.POP.TOTL,Jordan,JOR,4797000,4917000,5038000,5164000,5290000,5411000,5536000,5661000,5786000,5915000,6046000,6181000,6318000
"Population, total",SP.POP.TOTL,Lebanon,LBN,3235380,3359875,3522842,3701464,3863271,3986865,4057041,4085426,4109389,4181742,4337156,4388637,4440728
"Population, total",SP.POP.TOTL,Turkey,TUR,63240157,64182694,65125766,66060121,66973561,67860617,68704721,69515492,70344357,71261307,72310416,73199372,74099255
"Population, total",SP.POP.TOTL,Italy,ITA,56942108,56974100,57059007,57313203,57685327,57969484,58143979,58438310,58826731,59095365,59277417,59379449,59539717
"Population, total",SP.POP.TOTL,France,FRA,60912498,61357431,61805267,62244884,62704897,63179356,63621376,64016229,64374990,64707044,65027512,65342776,65639975
"Population, total",SP.POP.TOTL,United Kingdom,GBR,58892514,59119673,59370479,59647577,59987905,60401206,60846820,61322463,61806995,62276270,62766365,63258918,63700300
"Population, total",SP.POP.TOTL,United States,USA,282162411,284968955,287625193,290107933,292805298,295516599,298379912,301231207,304093966,306771529,309347057,311721632,314112078
"Population, total",SP.POP.TOTL,Sweden,SWE,8872109,8895960,8924958,8958229,8993531,9029572,9080505,9148092,9219637,9298515,9378126,9449213,9519374
"Population, total",SP.POP.TOTL,Germany,DEU,82211508,82349925,82488495,82534176,82516260,82469422,82376451,82266372,82110097,81902307,81776930,81797673,80425823
,,,,,,,,,,,,,,,,
,,,,,,,,,,,,,,,,
,,,,,,,,,,,,,,,,
Data from database: World Development Indicators,,,,,,,,,,,,,,,,
Last Updated: 09/18/2015,,,,,,,,,,,,,,,,
